,PDB_ID,Num,Total_energy,BackHbond,SideHbond,Energy_vdw,Electro,Energy_solvP,Energy_solvH,Energy_vdwclash,Entropy_sidec,Entropy_mainc,Water_bonds,UNK,Cis_bond,Energy_torsion,Backbone_vdwclash,Helix_dipole,Loop_entropy,Disulfide,Kn_electrostatic,Partial_covalent_interactions,Energy_ionisation,Entropy_complex
1,1D9K,0,127.481,-121.908,-52.2183,-225.153,-13.1908,316.401,-285.197,65.3507,104.668,314.514,0,0,1.12406,28.0567,165.221,-0.114692,0,-4.30365,-1.19297,0,0.643406,0
2,1J8H,0,62.2031,-100.747,-31.3567,-168.912,-3.87381,237.569,-219.626,17.426,80.168,240.003,0,0,2.24811,13.7559,99.9527,-0.0339116,0,-4.50104,-0.217866,0,0.30229,0
3,2PXY,0,53.5332,-126.25,-53.8066,-221.581,-11.669,318.134,-277.883,31.2842,105.139,283.9,0,0,1.12406,11.2735,141.155,-0.321225,0,-4.2974,-2.20053,0,0.687534,0
4,2WBJ,0,44.4604,-119.357,-49.8588,-212.287,-15.6672,306.719,-267.56,11.4734,103.835,283.161,0,0,1.12406,8.92283,121.933,-0.379436,0,-4.29271,-1.72582,0,0.353471,0
5,3MBE,0,152.17,-97.3526,-56.0257,-215.176,-12.5753,318.931,-269.047,42.7318,104.926,312.2,0,0,1.12406,21.8823,144.043,0.0143553,0,0,-1.42739,0,1.96555,0
6,3O6F,0,81.8892,-130.735,-58.9363,-222.11,-18.85,322.91,-280.275,39.5532,115.057,298.142,0,0,1.31524,20.7228,146.951,-0.979722,0,-4.1541,-1.10994,0,1.33811,0
7,3QIB,0,84.1057,-125.033,-41.2194,-218.446,-11.4903,314.053,-279.6,25.405,111.574,292.25,0,0,1.12406,19.6893,139.693,-0.0471617,0,-4.02763,-0.543617,0,0.418292,0
8,3QIW,0,78.5063,-126.794,-43.4977,-216.695,-8.30552,309.949,-278.18,34.6446,107.215,287.292,0,0,1.12406,16.0093,129.315,-0.234839,0,-4.30102,-0.66316,0,0.943709,0
9,3T0E,0,193.645,-91.8747,-57.465,-215.757,-19.7417,325.236,-269.13,77.3967,109.721,311.7,0,0,1.12406,22.0838,163.683,-0.114519,0,0,-1.80313,0,2.26937,0
10,4H1L,0,95.7742,-117.544,-54.6296,-217.921,-9.70928,310.491,-277.988,39.3248,112.938,296.85,0,0,1.12406,18.1717,140.346,-0.111587,0,-4.02628,-1.71981,0,0.523479,0
11,4OZF,0,38.9679,-127.799,-49.1937,-209.738,-6.70622,288.899,-268.138,17.218,103.385,278.345,0,0,2.9385,14.3727,120.101,-0.365617,0,-4.28262,-0.533271,0,0.565985,0
12,4OZI,0,61.2869,-106.674,-45.1891,-200.137,-9.52203,291.123,-252.9,6.18804,100.374,271.077,0,0,2.71246,9.69979,112.9,-0.822674,0,-4.28149,-1.08884,0,0.726736,0
13,4P23,0,13.2392,-146.43,-65.5961,-215.366,-18.4895,307.377,-267.112,21.1084,110.84,280.982,0,0,1.12406,9.96183,116.66,-0.721833,0,-4.30121,-0.821219,0,0.683048,0
14,4P2O,0,44.4249,-132.913,-49.2841,-221.801,-11.0893,309.999,-286.565,25.1458,117.312,287.756,0,0,1.12406,8.74547,127.352,0.00567624,0,-4.28667,-0.554651,0,0.830557,0
15,4P2Q,0,44.5155,-130.512,-41.054,-215.138,-10.8059,301.333,-276.402,13.3906,106.364,287.451,0,0,1.12406,13.5441,126.684,-0.056347,0,-4.27196,-1.44416,0,0.99221,0
16,4P2R,0,57.7503,-119.698,-42.9884,-213.386,-7.89003,298.776,-275.733,14.2813,106.67,281.921,0,0,1.12406,15.0029,121.76,-0.0418849,0,0,-0.798976,0,0.511872,0
17,4P46,0,50.3004,-130.041,-55.1974,-214.437,-10.289,305.373,-268.823,31.0216,104.749,280.895,0,0,1.12406,11.3228,121.132,-0.569379,0,-4.25614,-1.2442,0,0.672564,0
18,5KS9,0,27.8476,-131.114,-58.1663,-219.129,-7.22626,308.912,-276.407,21.8029,108.251,275.927,0,0,1.15335,8.4284,111.392,-0.378234,0,-4.27467,-0.355794,0,0.425688,0
19,5KSA,0,18.4345,-128.771,-56.0563,-213.903,-2.86639,300.05,-269.289,11.0415,105.689,268.444,0,0,1.15386,7.95997,112.541,-0.691531,0,-4.15661,-0.741802,0,0.570592,0
20,6DFW,0,142.047,-88.1992,-33.1764,-182.422,-9.768,266.565,-228.818,22.1391,86.5701,298.618,0,0,1.9485,12.7509,134.974,0,0,-4.26665,-0.657884,0,0.762613,0
21,6DFX,0,60.3617,-135.49,-53.7438,-217.848,-6.22376,309.669,-274.923,29.1936,105.224,291.681,0,0,2.84207,13.4219,129.381,-0.115822,0,-3.93309,0.135374,0,0.472803,0
22,6MNG,0,31.8406,-133.836,-46.512,-217.513,-11.3492,301.559,-276.094,25.0655,101.476,279.069,0,0,1.12406,13.6638,119.999,-0.124404,0,-4.25826,-1.12956,0,0.699378,0
23,6PY2,0,41.2706,-120.292,-44.9189,-209.886,-6.15302,294.061,-269.857,13.108,102.218,278.798,0,0,1.12406,8.23532,121.209,-0.981886,0,-4.24634,-0.65474,0,0.716324,0
24,6U3O,0,33.0389,-133.961,-44.388,-210.509,-6.90906,294.416,-267.072,21.3215,98.0067,276.734,0,0,1.12406,9.27556,120.257,-0.790564,0,-4.28124,-0.68561,0,0.75811,0
25,6XC9,0,25.9963,-140.818,-67.0124,-220.169,-9.32522,315.542,-273.786,26.9712,113.032,278.984,0,0,1.12406,6.36875,126.697,-0.473266,0,-4.28342,-0.900017,0,0.740696,0
26,1A6A,0,82.7337,-125.162,-70.3359,-228.647,-17.2389,333.067,-287.177,47.2677,119.942,300.83,0,0,0,14.9498,142.653,-0.318574,0,-4.26745,-0.986301,0,0.809931,0
27,1BX2,0,103.313,-120.686,-45.9526,-211.626,-13.098,302.948,-267.908,28.6616,105.427,302.64,0,0,1.12406,27.891,134.354,-0.706177,0,-4.24293,-1.70638,0,0.546702,0
28,1F3J,0,143.807,-116.234,-59.138,-218.012,-12.8508,317.303,-272.808,56.3677,105.551,325.762,0,0,1.12406,20.7815,193.426,0.225865,0,-4.2901,-1.41966,0,1.44417,0
29,1FV1,0,70.3318,-138.568,-56.721,-219.993,-11.0728,318.97,-274.217,28.7559,115.395,298.231,0,0,1.12406,14.3828,135.59,-0.598211,0,-4.29142,-1.99593,0,0.931303,0
30,1H15,0,135.508,-117.66,-50.7124,-224.098,-10.1314,327.906,-281.607,44.9653,112.531,319.932,0,0,1.12406,18.7904,170.15,-0.189285,0,-4.27884,-2.0941,0,1.03086,0
31,1IAK,0,27.6902,-126.219,-52.8664,-213.173,-13.3356,302.859,-269.093,17.7153,101.742,278.424,0,0,1.12406,5.7304,127.085,-0.0266139,0,-4.21201,-1.55523,0,0.57516,0
32,1JK8,0,54.9712,-128.867,-53.3217,-220.312,-9.04516,308.204,-278.263,39.9042,105.974,279.307,0,0,1.12406,14.7098,127.128,-0.167722,0,-4.27658,-0.462967,0,0.465171,0
33,1JL4,0,60.4334,-125.932,-59.2372,-215.731,-14.1209,306.442,-272.525,43.4522,110.872,281.838,0,0,1.12406,9.04424,136.663,-0.205048,0,-4.2137,-0.96986,0,0.596013,0
34,1KLG,0,71.0209,-135.126,-63.4622,-229.975,-17.078,324.483,-291.942,58.5579,119.426,287.291,0,0,1.12406,23.4344,143.176,-0.983384,0,-4.07115,-1.42018,0,0.762823,0
35,1KLU,0,45.3488,-138.747,-59.375,-228.943,-15.3263,326.724,-288.221,38.1433,118.789,282.749,0,0,1.12406,14.0455,130.917,-0.537704,0,-4.28633,-1.16002,0,0.369945,0
36,1MUJ,0,104.881,-111.548,-47.2654,-220.848,-10.1287,311.261,-280.603,50.178,101.81,292.643,0,0,1.12406,23.5562,140.492,-0.52207,0,-4.28926,-1.57342,0,1.08838,0
37,1R5V,0,69.3323,-129.701,-40.519,-212.769,-9.06317,305.075,-272.659,29.9782,106.783,283.918,0,0,1.12406,12.4226,122.991,-0.68818,0,-4.12409,-0.805574,0,0.360629,0
38,1R5W,0,149.709,-118.083,-39.5226,-222.695,-11.539,327.212,-282.746,70.4825,107.776,300.27,0,0,1.12406,22.2601,155.922,-0.158452,0,-4.20949,-1.09651,0,0.634413,0
39,1SJH,0,30.489,-133.897,-59.5956,-224.779,-17.0885,317.53,-284.177,22.8409,117.441,282.616,0,0,1.12406,14.2401,124.959,-0.451322,0,-4.23836,-1.4576,0,0.382347,0
40,1T5W,0,39.8568,-135.685,-56.3448,-221.29,-16.0799,317.802,-276.131,21.345,112.591,286.237,0,0,1.12406,12.3354,127.809,-0.243127,0,-4.2188,-1.94001,0,0.355112,0
41,2FSE,0,121.7,-109.868,-49.7811,-215.916,-21.1484,315.588,-272.828,43.8814,111.64,305.327,0,0,1.12406,19.4342,166.883,-0.258819,0,-3.71291,-2.08463,0,0.301727,0
42,2G9H,0,12.3476,-137.499,-57.1277,-220.368,-17.0033,312.263,-278.11,13.2086,112.786,281.685,0,0,1.12406,6.65519,118.155,-0.372045,0,-4.12578,-1.16585,0,0.398221,0
43,2NNA,0,32.2891,-137.886,-59.5809,-227.177,-10.4693,320.797,-286.928,31.3203,114.296,278.364,0,0,1.12406,13.1148,128.837,-0.503432,0,-4.2976,-0.633235,0,0.749605,0
44,2Q6W,0,41.5537,-136.821,-62.2663,-238.107,-13.6804,346.282,-301.751,34.4595,120.548,276.84,0,0,1.12406,18.6543,159.633,-0.174438,0,-3.5146,-1.75316,0,1.71469,0
45,2SEB,0,56.8805,-128.399,-57.6741,-229.181,-15.1191,333.741,-288.299,28.9644,115.085,290.01,0,0,1.12406,11.0998,136.414,-0.423517,0,-4.21597,-1.47733,0,1.64561,0
46,3C5J,0,24.0473,-143.487,-55.0777,-223.124,-15.0519,313.495,-284.906,22.294,111.462,281.889,0,0,1.12406,16.2609,124.67,-0.651531,0,0,-1.96774,0,1.78898,0
47,3PDO,0,21.1528,-141.904,-62.7705,-230.151,-19.1509,325.414,-290.706,17.4978,120.666,294.656,0,0,1.12406,11.9365,132.294,-0.558319,0,-3.83562,-1.9659,0,0.90162,0
48,4H26,0,73.4995,-133.268,-48.991,-217.937,-5.9015,314.801,-275.967,26.7299,110.19,290.722,0,0,1.12406,16.1655,137.856,-0.649357,0,-4.23147,0.167549,0,0.545605,0
49,4I5B,0,11.0096,-140.308,-60.0608,-221.606,-16.5484,316.333,-278.561,12.5391,115.006,280.351,0,0,1.12406,8.20726,124.434,-0.616059,0,-4.18597,-1.57902,0,0.913956,0
50,4IS6,0,71.1451,-124.944,-57.8856,-222.728,-18.5335,321.049,-280.792,31.7855,110.184,297.388,0,0,1.12406,19.4533,139.541,-0.126585,0,-4.27365,-2.00113,0,1.44549,0
51,4MDJ,0,-3.72196,-142.831,-65.5526,-229.026,-11.4551,323.021,-292.482,18.0324,112.65,278.756,0,0,1.12406,7.37272,119.338,-0.657883,0,-4.20079,-0.0112072,0,1.53878,0
52,4OV5,0,20.3371,-133.086,-63.0989,-225.313,-18.2663,321.832,-284.107,14.1612,120,286.167,0,0,1.12406,6.50133,125.835,-0.38296,0,-4.29124,-1.6678,0,0.763931,0
53,4X5W,0,22.2876,-142.949,-65.1767,-226.716,-18.5338,323.5,-282.208,20.0749,121.649,288.383,0,0,1.12406,8.06172,125.377,-0.579364,0,-3.33838,-1.59641,0,0.592864,0
54,5KSU,0,48.2057,-124.566,-45.2606,-210.761,-7.51158,296.107,-269.866,12.3544,105.877,277.854,0,0,1.12406,17.2554,123.887,-0.257456,0,-4.10152,-0.604622,0,0.562973,0
55,5KSV,0,16.6453,-132.643,-59.1174,-208.733,-7.63597,292.443,-264.699,8.80186,105.935,273.831,0,0,1.15386,11.7474,121.932,-0.471834,0,-4.22022,-0.155633,0,0.408166,0
56,5LAX,0,31.7303,-131.393,-55.7294,-226.363,-22.938,330.517,-283.685,18.3896,116.102,282.646,0,0,1.12406,8.24292,125.819,-0.352586,0,-4.20344,-2.36326,0,1.73659,0
57,5NI9,0,-9.94947,-147.53,-77.3448,-229.783,-20.6451,330.702,-289.743,12.3044,128.965,281.659,0,0,1.12406,4.51417,117.084,-1.06371,0,-3.4723,-1.57964,0,1.94306,0
58,5UJT,0,24.3025,-138.694,-51.6437,-221.439,-7.04304,309.383,-279.18,19.2031,108.014,278.168,0,0,1.12406,11.0089,128.876,-0.227388,0,-4.20307,-0.635044,0,0.466944,0
59,6ATF,0,9.6106,-142.21,-69.2868,-225.23,-14.0846,324.719,-279.703,14.2369,118.63,281.08,0,0,1.12406,6.26023,124.268,-0.900721,0,-4.2542,-1.68491,0,0.914064,0
60,6BIY,0,-8.09172,-147.402,-62.3107,-234.532,-16.5318,326.951,-298.083,23.2771,117.726,277.888,0,0,1.12406,8.7961,121.039,-0.988475,0,-4.05278,-1.33804,0,1.38465,0
61,6CPN,0,8.52659,-142.083,-63.1718,-221.711,-17.5894,317.897,-278.592,14.5062,113.566,285.338,0,0,1.12406,3.63501,112.917,-0.861825,0,-2.81416,-1.43655,0,0.720299,0
62,6CPO,0,24.6112,-129.44,-59.1638,-212.558,-17.474,298.673,-267.87,21.1983,109.415,276.537,0,0,1.2421,5.75827,110.197,-0.443833,0,0,-1.62151,0,0.359784,0
63,6CQJ,0,25.5328,-129.658,-61.9928,-224.298,-15.2224,320.88,-282.53,16.4755,118.562,281.842,0,0,1.12406,6.56363,114.632,-0.507151,0,-4.13742,-2.01152,0,0.444563,0
64,6DIG,0,13.033,-138.401,-55.1197,-212.604,-13.3795,296.573,-267.786,16.532,106.457,274.77,0,0,1.15254,10.2271,122.354,-0.172002,0,-3.99286,-1.72513,0,0.501185,0
65,6HBY,0,22.648,-147.687,-62.368,-228.694,-19.0962,326.898,-286.544,24.6391,120.718,292.732,0,0,1.12406,6.46752,115.08,-0.887091,0,-3.47888,-1.97422,0,0.798541,0
66,6NIX,0,9.75543,-147.011,-66.0407,-226.274,-17.9699,327.01,-282.754,18.3449,117.901,282.757,0,0,1.12406,6.78969,123.954,-0.482481,0,-3.76005,-1.26339,0,1.3835,0
67,6U3M,0,11.6014,-132.47,-57.3977,-209.913,-7.22147,288.941,-267.778,13.1662,109.62,267.311,0,0,1.15386,11.1953,121.852,-1.01248,0,-4.24607,-0.487968,0,0.74035,0
68,6XP6,0,11.1946,-137.31,-54.0679,-210.171,-8.2586,292.27,-264.84,11.1448,106.244,271.859,0,0,1.15345,8.26827,125.837,-0.718339,0,-4.28814,-0.506912,0,0.415944,0
69,7N19,0,40.9722,-129.947,-60.5553,-220.822,-7.86693,325.566,-275.868,12.4089,114.921,275.555,0,0,1.12406,11.1594,125.401,-1.10743,0,-4.11409,-0.451158,0,0.969508,0
